"LOCATION","INDICATOR","SUBJECT","MEASURE","FREQUENCY","TIME","Value","Flag Codes"
"CAN","GDP","TOT","MLN_USD","A","1961",44299.933,
"CAN","GDP","TOT","MLN_USD","A","1962",48574.474,
"CAN","GDP","TOT","MLN_USD","A","1963",51906.612,
"CAN","GDP","TOT","MLN_USD","A","1964",56381.698,
"CAN","GDP","TOT","MLN_USD","A","1965",61782.956,
"CAN","GDP","TOT","MLN_USD","A","1966",68222.013,
"CAN","GDP","TOT","MLN_USD","A","1967",72368.942,
"CAN","GDP","TOT","MLN_USD","A","1968",80018.55,
"CAN","GDP","TOT","MLN_USD","A","1969",88693.465,
"CAN","GDP","TOT","MLN_USD","A","1970",99264.297,
"CAN","GDP","TOT","MLN_USD","A","1971",108487.491,
"CAN","GDP","TOT","MLN_USD","A","1972",119424.079,
"CAN","GDP","TOT","MLN_USD","A","1973",134444.357,
"CAN","GDP","TOT","MLN_USD","A","1974",151463.161,
"CAN","GDP","TOT","MLN_USD","A","1975",168050.057,
"CAN","GDP","TOT","MLN_USD","A","1976",187740.084,
"CAN","GDP","TOT","MLN_USD","A","1977",206453.435,
"CAN","GDP","TOT","MLN_USD","A","1978",229230.414,
"CAN","GDP","TOT","MLN_USD","A","1979",257496.378,
"CAN","GDP","TOT","MLN_USD","A","1980",286868.679,
"CAN","GDP","TOT","MLN_USD","A","1981",324813.802,
"CAN","GDP","TOT","MLN_USD","A","1982",333889.388,
"CAN","GDP","TOT","MLN_USD","A","1983",355992.913,
"CAN","GDP","TOT","MLN_USD","A","1984",390628.604,
"CAN","GDP","TOT","MLN_USD","A","1985",422072.898,
"CAN","GDP","TOT","MLN_USD","A","1986",439808.702,
"CAN","GDP","TOT","MLN_USD","A","1987",469040.522,
"CAN","GDP","TOT","MLN_USD","A","1988",507000.423,
"CAN","GDP","TOT","MLN_USD","A","1989",539084.222,
"CAN","GDP","TOT","MLN_USD","A","1990",560184.877,
"CAN","GDP","TOT","MLN_USD","A","1991",567047.864,
"CAN","GDP","TOT","MLN_USD","A","1992",585191.62,
"CAN","GDP","TOT","MLN_USD","A","1993",615002.847,
"CAN","GDP","TOT","MLN_USD","A","1994",656367.112,
"CAN","GDP","TOT","MLN_USD","A","1995",688183.628,
"CAN","GDP","TOT","MLN_USD","A","1996",712130.958,
"CAN","GDP","TOT","MLN_USD","A","1997",755416.033,
"CAN","GDP","TOT","MLN_USD","A","1998",793682.05,
"CAN","GDP","TOT","MLN_USD","A","1999",846421.343,
"CAN","GDP","TOT","MLN_USD","A","2000",901003.29,
"CAN","GDP","TOT","MLN_USD","A","2001",937793.044,
"CAN","GDP","TOT","MLN_USD","A","2002",971009.088,
"CAN","GDP","TOT","MLN_USD","A","2003",1023686.549,
"CAN","GDP","TOT","MLN_USD","A","2004",1083615.23,
"CAN","GDP","TOT","MLN_USD","A","2005",1171340.162,
"CAN","GDP","TOT","MLN_USD","A","2006",1241618.911,
"CAN","GDP","TOT","MLN_USD","A","2007",1301593.852,
"CAN","GDP","TOT","MLN_USD","A","2008",1342396.613,
"CAN","GDP","TOT","MLN_USD","A","2009",1307000.658,
"CAN","GDP","TOT","MLN_USD","A","2010",1363578.975,
"CAN","GDP","TOT","MLN_USD","A","2011",1430807.125,
"CAN","GDP","TOT","MLN_USD","A","2012",1468094.965,
"CAN","GDP","TOT","MLN_USD","A","2013",1554122.745,
"CAN","GDP","TOT","MLN_USD","A","2014",1621396.709,
"CAN","GDP","TOT","MLN_USD","A","2015",1594850.842,
"CAN","GDP","TOT","MLN_USD","A","2016",1678093.396,
"CAN","GDP","TOT","MLN_USD","A","2017",1765763.154,
"CAN","GDP","TOT","MLN_USD","A","2018",1852987.755,
"CAN","GDP","TOT","MLN_USD","A","2019",1873760.081,
"CAN","GDP","TOT","MLN_USD","A","2020",1794940.001,
"CAN","GDP","TOT","MLN_USD","A","2021",2026899.115,
"CAN","GDP","TOT","MLN_USD","A","2022",2221280.61,
"FRA","GDP","TOT","MLN_USD","A","1960",84286.645,
"FRA","GDP","TOT","MLN_USD","A","1961",89236.064,
"FRA","GDP","TOT","MLN_USD","A","1962",97734.662,
"FRA","GDP","TOT","MLN_USD","A","1963",104468.637,
"FRA","GDP","TOT","MLN_USD","A","1964",113249.46,
"FRA","GDP","TOT","MLN_USD","A","1965",122389.747,
"FRA","GDP","TOT","MLN_USD","A","1966",133414.117,
"FRA","GDP","TOT","MLN_USD","A","1967",143803.056,
"FRA","GDP","TOT","MLN_USD","A","1968",157794.703,
"FRA","GDP","TOT","MLN_USD","A","1969",179129.265,
"FRA","GDP","TOT","MLN_USD","A","1970",191865.978,
"FRA","GDP","TOT","MLN_USD","A","1971",212310.054,
"FRA","GDP","TOT","MLN_USD","A","1972",231479.83,
"FRA","GDP","TOT","MLN_USD","A","1973",259655.879,
"FRA","GDP","TOT","MLN_USD","A","1974",295194.035,
"FRA","GDP","TOT","MLN_USD","A","1975",319440.726,
"FRA","GDP","TOT","MLN_USD","A","1976",351703.97,
"FRA","GDP","TOT","MLN_USD","A","1977",386497.804,
"FRA","GDP","TOT","MLN_USD","A","1978",430141.979,
"FRA","GDP","TOT","MLN_USD","A","1979",482365.835,
"FRA","GDP","TOT","MLN_USD","A","1980",534241.543,
"FRA","GDP","TOT","MLN_USD","A","1981",591043.785,
"FRA","GDP","TOT","MLN_USD","A","1982",643282.923,
"FRA","GDP","TOT","MLN_USD","A","1983",676773.863,
"FRA","GDP","TOT","MLN_USD","A","1984",711803.936,
"FRA","GDP","TOT","MLN_USD","A","1985",746230.664,
"FRA","GDP","TOT","MLN_USD","A","1986",779051.739,
"FRA","GDP","TOT","MLN_USD","A","1987",818768.276,
"FRA","GDP","TOT","MLN_USD","A","1988",887854.916,
"FRA","GDP","TOT","MLN_USD","A","1989",962741.065,
"FRA","GDP","TOT","MLN_USD","A","1990",1027983.31,
"FRA","GDP","TOT","MLN_USD","A","1991",1073886.708,
"FRA","GDP","TOT","MLN_USD","A","1992",1115926.173,
"FRA","GDP","TOT","MLN_USD","A","1993",1135195.648,
"FRA","GDP","TOT","MLN_USD","A","1994",1186780.386,
"FRA","GDP","TOT","MLN_USD","A","1995",1237192.1,
"FRA","GDP","TOT","MLN_USD","A","1996",1276252.375,
"FRA","GDP","TOT","MLN_USD","A","1997",1333839.225,
"FRA","GDP","TOT","MLN_USD","A","1998",1405950.617,
"FRA","GDP","TOT","MLN_USD","A","1999",1470523.886,
"FRA","GDP","TOT","MLN_USD","A","2000",1589552.173,
"FRA","GDP","TOT","MLN_USD","A","2001",1687041.876,
"FRA","GDP","TOT","MLN_USD","A","2002",1762925.935,
"FRA","GDP","TOT","MLN_USD","A","2003",1753693.725,
"FRA","GDP","TOT","MLN_USD","A","2004",1822243.671,
"FRA","GDP","TOT","MLN_USD","A","2005",1926880.385,
"FRA","GDP","TOT","MLN_USD","A","2006",2065560.669,
"FRA","GDP","TOT","MLN_USD","A","2007",2184595.05,
"FRA","GDP","TOT","MLN_USD","A","2008",2259255.844,
"FRA","GDP","TOT","MLN_USD","A","2009",2243937.742,
"FRA","GDP","TOT","MLN_USD","A","2010",2334557.742,
"FRA","GDP","TOT","MLN_USD","A","2011",2446474.544,
"FRA","GDP","TOT","MLN_USD","A","2012",2474005.287,
"FRA","GDP","TOT","MLN_USD","A","2013",2608523.504,
"FRA","GDP","TOT","MLN_USD","A","2014",2662032.873,
"FRA","GDP","TOT","MLN_USD","A","2015",2718495.127,
"FRA","GDP","TOT","MLN_USD","A","2016",2864105.631,
"FRA","GDP","TOT","MLN_USD","A","2017",2983010.673,
"FRA","GDP","TOT","MLN_USD","A","2018",3125379.86,
"FRA","GDP","TOT","MLN_USD","A","2019",3403158.941,
"FRA","GDP","TOT","MLN_USD","A","2020",3252531.255,
"FRA","GDP","TOT","MLN_USD","A","2021",3479874.481,"P"
"FRA","GDP","TOT","MLN_USD","A","2022",3814783.882,"P"
"DEU","GDP","TOT","MLN_USD","A","1970",314357.232,"E"
"DEU","GDP","TOT","MLN_USD","A","1971",340639.604,"E"
"DEU","GDP","TOT","MLN_USD","A","1972",370646.49,"E"
"DEU","GDP","TOT","MLN_USD","A","1973",409635.425,"E"
"DEU","GDP","TOT","MLN_USD","A","1974",450471.407,"E"
"DEU","GDP","TOT","MLN_USD","A","1975",487930.749,"E"
"DEU","GDP","TOT","MLN_USD","A","1976",540261.434,"E"
"DEU","GDP","TOT","MLN_USD","A","1977",593037.207,"E"
"DEU","GDP","TOT","MLN_USD","A","1978",653846.841,"E"
"DEU","GDP","TOT","MLN_USD","A","1979",737482.094,"E"
"DEU","GDP","TOT","MLN_USD","A","1980",815427.796,"E"
"DEU","GDP","TOT","MLN_USD","A","1981",897308.681,"E"
"DEU","GDP","TOT","MLN_USD","A","1982",948984.967,"E"
"DEU","GDP","TOT","MLN_USD","A","1983",1001661.075,"E"
"DEU","GDP","TOT","MLN_USD","A","1984",1067094.551,"E"
"DEU","GDP","TOT","MLN_USD","A","1985",1126467.722,"E"
"DEU","GDP","TOT","MLN_USD","A","1986",1175438.702,"E"
"DEU","GDP","TOT","MLN_USD","A","1987",1221394.065,"E"
"DEU","GDP","TOT","MLN_USD","A","1988",1311354.951,"E"
"DEU","GDP","TOT","MLN_USD","A","1989",1415865.451,"E"
"DEU","GDP","TOT","MLN_USD","A","1990",1546054.953,"E"
"DEU","GDP","TOT","MLN_USD","A","1991",1679986.161,
"DEU","GDP","TOT","MLN_USD","A","1992",1751315.246,
"DEU","GDP","TOT","MLN_USD","A","1993",1775314.126,
"DEU","GDP","TOT","MLN_USD","A","1994",1856594.986,
"DEU","GDP","TOT","MLN_USD","A","1995",1924795.611,
"DEU","GDP","TOT","MLN_USD","A","1996",1972389.653,
"DEU","GDP","TOT","MLN_USD","A","1997",2015809.715,
"DEU","GDP","TOT","MLN_USD","A","1998",2079540.241,
"DEU","GDP","TOT","MLN_USD","A","1999",2158515.841,
"DEU","GDP","TOT","MLN_USD","A","2000",2236504.797,
"DEU","GDP","TOT","MLN_USD","A","2001",2336594.757,
"DEU","GDP","TOT","MLN_USD","A","2002",2406900.908,
"DEU","GDP","TOT","MLN_USD","A","2003",2468569.147,
"DEU","GDP","TOT","MLN_USD","A","2004",2585566.23,
"DEU","GDP","TOT","MLN_USD","A","2005",2622039.802,
"DEU","GDP","TOT","MLN_USD","A","2006",2813824.86,
"DEU","GDP","TOT","MLN_USD","A","2007",2985617.276,
"DEU","GDP","TOT","MLN_USD","A","2008",3103958.247,
"DEU","GDP","TOT","MLN_USD","A","2009",3015332.321,
"DEU","GDP","TOT","MLN_USD","A","2010",3185267.891,
"DEU","GDP","TOT","MLN_USD","A","2011",3415019.966,
"DEU","GDP","TOT","MLN_USD","A","2012",3487234.448,
"DEU","GDP","TOT","MLN_USD","A","2013",3628559.337,
"DEU","GDP","TOT","MLN_USD","A","2014",3807114.521,
"DEU","GDP","TOT","MLN_USD","A","2015",3889081.896,
"DEU","GDP","TOT","MLN_USD","A","2016",4165169.905,
"DEU","GDP","TOT","MLN_USD","A","2017",4386729.188,
"DEU","GDP","TOT","MLN_USD","A","2018",4576056.532,
"DEU","GDP","TOT","MLN_USD","A","2019",4769328.306,"P"
"DEU","GDP","TOT","MLN_USD","A","2020",4697130.976,"P"
"DEU","GDP","TOT","MLN_USD","A","2021",4891842.639,"P"
"DEU","GDP","TOT","MLN_USD","A","2022",5371318.279,"P"
"ITA","GDP","TOT","MLN_USD","A","1970",195496.331,"E"
"ITA","GDP","TOT","MLN_USD","A","1971",209140.871,"E"
"ITA","GDP","TOT","MLN_USD","A","1972",226233.452,"E"
"ITA","GDP","TOT","MLN_USD","A","1973",255635.288,"E"
"ITA","GDP","TOT","MLN_USD","A","1974",293964.68,"E"
"ITA","GDP","TOT","MLN_USD","A","1975",314480.025,"E"
"ITA","GDP","TOT","MLN_USD","A","1976",355428.177,"E"
"ITA","GDP","TOT","MLN_USD","A","1977",387178.447,"E"
"ITA","GDP","TOT","MLN_USD","A","1978",427839.436,"E"
"ITA","GDP","TOT","MLN_USD","A","1979",490946.264,"E"
"ITA","GDP","TOT","MLN_USD","A","1980",553654.486,"E"
"ITA","GDP","TOT","MLN_USD","A","1981",611158.452,"E"
"ITA","GDP","TOT","MLN_USD","A","1982",651601.276,"E"
"ITA","GDP","TOT","MLN_USD","A","1983",685040.065,"E"
"ITA","GDP","TOT","MLN_USD","A","1984",732649.916,"E"
"ITA","GDP","TOT","MLN_USD","A","1985",776968.042,"E"
"ITA","GDP","TOT","MLN_USD","A","1986",815283.989,"E"
"ITA","GDP","TOT","MLN_USD","A","1987",862111.475,"E"
"ITA","GDP","TOT","MLN_USD","A","1988",929957.502,"E"
"ITA","GDP","TOT","MLN_USD","A","1989",999160.918,"E"
"ITA","GDP","TOT","MLN_USD","A","1990",1057146.623,"E"
"ITA","GDP","TOT","MLN_USD","A","1991",1109710.443,"E"
"ITA","GDP","TOT","MLN_USD","A","1992",1144468.782,"E"
"ITA","GDP","TOT","MLN_USD","A","1993",1161605.125,"E"
"ITA","GDP","TOT","MLN_USD","A","1994",1211930.284,"E"
"ITA","GDP","TOT","MLN_USD","A","1995",1273063.339,
"ITA","GDP","TOT","MLN_USD","A","1996",1311139.817,
"ITA","GDP","TOT","MLN_USD","A","1997",1358302.153,
"ITA","GDP","TOT","MLN_USD","A","1998",1423901.289,
"ITA","GDP","TOT","MLN_USD","A","1999",1457193.11,
"ITA","GDP","TOT","MLN_USD","A","2000",1541858.123,
"ITA","GDP","TOT","MLN_USD","A","2001",1597502.924,
"ITA","GDP","TOT","MLN_USD","A","2002",1639680.501,
"ITA","GDP","TOT","MLN_USD","A","2003",1673454.381,
"ITA","GDP","TOT","MLN_USD","A","2004",1704882.532,
"ITA","GDP","TOT","MLN_USD","A","2005",1746658.11,
"ITA","GDP","TOT","MLN_USD","A","2006",1886859.551,
"ITA","GDP","TOT","MLN_USD","A","2007",1995406.894,
"ITA","GDP","TOT","MLN_USD","A","2008",2089717.307,
"ITA","GDP","TOT","MLN_USD","A","2009",2044893.204,
"ITA","GDP","TOT","MLN_USD","A","2010",2083996.379,
"ITA","GDP","TOT","MLN_USD","A","2011",2173169.961,
"ITA","GDP","TOT","MLN_USD","A","2012",2172383.108,
"ITA","GDP","TOT","MLN_USD","A","2013",2187376.607,
"ITA","GDP","TOT","MLN_USD","A","2014",2200256.409,
"ITA","GDP","TOT","MLN_USD","A","2015",2240922.483,
"ITA","GDP","TOT","MLN_USD","A","2016",2420672.141,
"ITA","GDP","TOT","MLN_USD","A","2017",2517184.468,
"ITA","GDP","TOT","MLN_USD","A","2018",2600326.872,
"ITA","GDP","TOT","MLN_USD","A","2019",2735577.365,
"ITA","GDP","TOT","MLN_USD","A","2020",2564455.924,
"ITA","GDP","TOT","MLN_USD","A","2021",2760717.633,
"ITA","GDP","TOT","MLN_USD","A","2022",3092145.9,
"JPN","GDP","TOT","MLN_USD","A","1970",348114.148,"E"
"JPN","GDP","TOT","MLN_USD","A","1971",382947.706,"E"
"JPN","GDP","TOT","MLN_USD","A","1972",433113.832,"E"
"JPN","GDP","TOT","MLN_USD","A","1973",493544.739,"E"
"JPN","GDP","TOT","MLN_USD","A","1974",531366.049,"E"
"JPN","GDP","TOT","MLN_USD","A","1975",598533.619,"E"
"JPN","GDP","TOT","MLN_USD","A","1976",656574.202,"E"
"JPN","GDP","TOT","MLN_USD","A","1977",727986.461,"E"
"JPN","GDP","TOT","MLN_USD","A","1978",820270.312,"E"
"JPN","GDP","TOT","MLN_USD","A","1979",937040.621,"E"
"JPN","GDP","TOT","MLN_USD","A","1980",1050471.09,"E"
"JPN","GDP","TOT","MLN_USD","A","1981",1198859.753,"E"
"JPN","GDP","TOT","MLN_USD","A","1982",1314677.302,"E"
"JPN","GDP","TOT","MLN_USD","A","1983",1415765.104,"E"
"JPN","GDP","TOT","MLN_USD","A","1984",1531542.366,"E"
"JPN","GDP","TOT","MLN_USD","A","1985",1661500.325,"E"
"JPN","GDP","TOT","MLN_USD","A","1986",1750794.139,"E"
"JPN","GDP","TOT","MLN_USD","A","1987",1877492.604,"E"
"JPN","GDP","TOT","MLN_USD","A","1988",2073203.225,"E"
"JPN","GDP","TOT","MLN_USD","A","1989",2260605.047,"E"
"JPN","GDP","TOT","MLN_USD","A","1990",2458757.721,"E"
"JPN","GDP","TOT","MLN_USD","A","1991",2631467.512,"E"
"JPN","GDP","TOT","MLN_USD","A","1992",2715675.011,"E"
"JPN","GDP","TOT","MLN_USD","A","1993",2767279.211,"E"
"JPN","GDP","TOT","MLN_USD","A","1994",2856992.794,
"JPN","GDP","TOT","MLN_USD","A","1995",2993644.743,
"JPN","GDP","TOT","MLN_USD","A","1996",3143992.145,
"JPN","GDP","TOT","MLN_USD","A","1997",3229588.927,
"JPN","GDP","TOT","MLN_USD","A","1998",3224451.313,
"JPN","GDP","TOT","MLN_USD","A","1999",3258971.755,
"JPN","GDP","TOT","MLN_USD","A","2000",3461199.211,
"JPN","GDP","TOT","MLN_USD","A","2001",3552841.441,
"JPN","GDP","TOT","MLN_USD","A","2002",3647933.242,
"JPN","GDP","TOT","MLN_USD","A","2003",3753919.246,
"JPN","GDP","TOT","MLN_USD","A","2004",3938955.766,
"JPN","GDP","TOT","MLN_USD","A","2005",4110440.486,
"JPN","GDP","TOT","MLN_USD","A","2006",4300322.188,
"JPN","GDP","TOT","MLN_USD","A","2007",4482081.29,
"JPN","GDP","TOT","MLN_USD","A","2008",4517267.524,
"JPN","GDP","TOT","MLN_USD","A","2009",4295628.986,
"JPN","GDP","TOT","MLN_USD","A","2010",4525401.306,
"JPN","GDP","TOT","MLN_USD","A","2011",4629400.467,
"JPN","GDP","TOT","MLN_USD","A","2012",4799612.88,
"JPN","GDP","TOT","MLN_USD","A","2013",5021591.104,
"JPN","GDP","TOT","MLN_USD","A","2014",5034454.619,
"JPN","GDP","TOT","MLN_USD","A","2015",5199915.223,
"JPN","GDP","TOT","MLN_USD","A","2016",5158900.414,
"JPN","GDP","TOT","MLN_USD","A","2017",5262254.967,
"JPN","GDP","TOT","MLN_USD","A","2018",5344060.937,
"JPN","GDP","TOT","MLN_USD","A","2019",5352898.847,
"JPN","GDP","TOT","MLN_USD","A","2020",5263052.866,
"JPN","GDP","TOT","MLN_USD","A","2021",5383426.681,
"JPN","GDP","TOT","MLN_USD","A","2022",5843526.324,"E"
"GBR","GDP","TOT","MLN_USD","A","1960",114500.834,
"GBR","GDP","TOT","MLN_USD","A","1961",118722.123,
"GBR","GDP","TOT","MLN_USD","A","1962",122368.019,
"GBR","GDP","TOT","MLN_USD","A","1963",129722.616,
"GBR","GDP","TOT","MLN_USD","A","1964",138405.51,
"GBR","GDP","TOT","MLN_USD","A","1965",146426.639,
"GBR","GDP","TOT","MLN_USD","A","1966",154889.273,
"GBR","GDP","TOT","MLN_USD","A","1967",163586.747,
"GBR","GDP","TOT","MLN_USD","A","1968",180450.377,
"GBR","GDP","TOT","MLN_USD","A","1969",194511.307,
"GBR","GDP","TOT","MLN_USD","A","1970",202307.542,
"GBR","GDP","TOT","MLN_USD","A","1971",220012.582,
"GBR","GDP","TOT","MLN_USD","A","1972",239442.398,
"GBR","GDP","TOT","MLN_USD","A","1973",269040.446,
"GBR","GDP","TOT","MLN_USD","A","1974",285965.021,
"GBR","GDP","TOT","MLN_USD","A","1975",307848.387,
"GBR","GDP","TOT","MLN_USD","A","1976",334242.74,
"GBR","GDP","TOT","MLN_USD","A","1977",363735.762,
"GBR","GDP","TOT","MLN_USD","A","1978",405688.347,
"GBR","GDP","TOT","MLN_USD","A","1979",455817.697,
"GBR","GDP","TOT","MLN_USD","A","1980",486896.317,
"GBR","GDP","TOT","MLN_USD","A","1981",528768.733,
"GBR","GDP","TOT","MLN_USD","A","1982",572637.551,
"GBR","GDP","TOT","MLN_USD","A","1983",620189.389,
"GBR","GDP","TOT","MLN_USD","A","1984",657144.448,
"GBR","GDP","TOT","MLN_USD","A","1985",706042.715,
"GBR","GDP","TOT","MLN_USD","A","1986",742952.41,
"GBR","GDP","TOT","MLN_USD","A","1987",802380.434,
"GBR","GDP","TOT","MLN_USD","A","1988",878302.001,
"GBR","GDP","TOT","MLN_USD","A","1989",936261.168,
"GBR","GDP","TOT","MLN_USD","A","1990",978435.538,
"GBR","GDP","TOT","MLN_USD","A","1991",1000365.557,
"GBR","GDP","TOT","MLN_USD","A","1992",1027266.717,
"GBR","GDP","TOT","MLN_USD","A","1993",1077799.889,
"GBR","GDP","TOT","MLN_USD","A","1994",1143152.953,
"GBR","GDP","TOT","MLN_USD","A","1995",1196671.447,
"GBR","GDP","TOT","MLN_USD","A","1996",1278312.623,
"GBR","GDP","TOT","MLN_USD","A","1997",1346108.309,
"GBR","GDP","TOT","MLN_USD","A","1998",1386611.395,
"GBR","GDP","TOT","MLN_USD","A","1999",1438582.071,
"GBR","GDP","TOT","MLN_USD","A","2000",1563066.645,
"GBR","GDP","TOT","MLN_USD","A","2001",1649016.749,
"GBR","GDP","TOT","MLN_USD","A","2002",1727142.294,
"GBR","GDP","TOT","MLN_USD","A","2003",1810286.499,
"GBR","GDP","TOT","MLN_USD","A","2004",1924035.983,
"GBR","GDP","TOT","MLN_USD","A","2005",1977961.259,
"GBR","GDP","TOT","MLN_USD","A","2006",2114528.072,
"GBR","GDP","TOT","MLN_USD","A","2007",2179785.126,
"GBR","GDP","TOT","MLN_USD","A","2008",2272705.028,
"GBR","GDP","TOT","MLN_USD","A","2009",2185545.224,
"GBR","GDP","TOT","MLN_USD","A","2010",2295926.826,
"GBR","GDP","TOT","MLN_USD","A","2011",2357065.652,
"GBR","GDP","TOT","MLN_USD","A","2012",2441787.874,
"GBR","GDP","TOT","MLN_USD","A","2013",2563540.009,
"GBR","GDP","TOT","MLN_USD","A","2014",2667111.912,
"GBR","GDP","TOT","MLN_USD","A","2015",2773799.776,
"GBR","GDP","TOT","MLN_USD","A","2016",2903649.696,
"GBR","GDP","TOT","MLN_USD","A","2017",3045581.584,
"GBR","GDP","TOT","MLN_USD","A","2018",3137072.362,
"GBR","GDP","TOT","MLN_USD","A","2019",3294277.295,
"GBR","GDP","TOT","MLN_USD","A","2020",3077151.591,
"GBR","GDP","TOT","MLN_USD","A","2021",3355086.227,
"GBR","GDP","TOT","MLN_USD","A","2022",3740423.339,
"USA","GDP","TOT","MLN_USD","A","1970",1073303,
"USA","GDP","TOT","MLN_USD","A","1971",1164850,
"USA","GDP","TOT","MLN_USD","A","1972",1279110,
"USA","GDP","TOT","MLN_USD","A","1973",1425376,
"USA","GDP","TOT","MLN_USD","A","1974",1545243,
"USA","GDP","TOT","MLN_USD","A","1975",1684904,
"USA","GDP","TOT","MLN_USD","A","1976",1873412,
"USA","GDP","TOT","MLN_USD","A","1977",2081826,
"USA","GDP","TOT","MLN_USD","A","1978",2351599,
"USA","GDP","TOT","MLN_USD","A","1979",2627333,
"USA","GDP","TOT","MLN_USD","A","1980",2857307,
"USA","GDP","TOT","MLN_USD","A","1981",3207041,
"USA","GDP","TOT","MLN_USD","A","1982",3343789,
"USA","GDP","TOT","MLN_USD","A","1983",3634038,
"USA","GDP","TOT","MLN_USD","A","1984",4037613,
"USA","GDP","TOT","MLN_USD","A","1985",4338979,
"USA","GDP","TOT","MLN_USD","A","1986",4579631,
"USA","GDP","TOT","MLN_USD","A","1987",4855215,
"USA","GDP","TOT","MLN_USD","A","1988",5236438,
"USA","GDP","TOT","MLN_USD","A","1989",5641580,
"USA","GDP","TOT","MLN_USD","A","1990",5963144,
"USA","GDP","TOT","MLN_USD","A","1991",6158129,
"USA","GDP","TOT","MLN_USD","A","1992",6520327,
"USA","GDP","TOT","MLN_USD","A","1993",6858559,
"USA","GDP","TOT","MLN_USD","A","1994",7287236,
"USA","GDP","TOT","MLN_USD","A","1995",7639749,
"USA","GDP","TOT","MLN_USD","A","1996",8073122,
"USA","GDP","TOT","MLN_USD","A","1997",8577552,
"USA","GDP","TOT","MLN_USD","A","1998",9062817,
"USA","GDP","TOT","MLN_USD","A","1999",9631172,
"USA","GDP","TOT","MLN_USD","A","2000",10250952,
"USA","GDP","TOT","MLN_USD","A","2001",10581929,
"USA","GDP","TOT","MLN_USD","A","2002",10929108,
"USA","GDP","TOT","MLN_USD","A","2003",11456450,
"USA","GDP","TOT","MLN_USD","A","2004",12217196,
"USA","GDP","TOT","MLN_USD","A","2005",13039197,
"USA","GDP","TOT","MLN_USD","A","2006",13815583,
"USA","GDP","TOT","MLN_USD","A","2007",14474228,
"USA","GDP","TOT","MLN_USD","A","2008",14769862,
"USA","GDP","TOT","MLN_USD","A","2009",14478067,
"USA","GDP","TOT","MLN_USD","A","2010",15048970,
"USA","GDP","TOT","MLN_USD","A","2011",15599731,
"USA","GDP","TOT","MLN_USD","A","2012",16253970,
"USA","GDP","TOT","MLN_USD","A","2013",16843196,
"USA","GDP","TOT","MLN_USD","A","2014",17550687,
"USA","GDP","TOT","MLN_USD","A","2015",18206023,
"USA","GDP","TOT","MLN_USD","A","2016",18695106,
"USA","GDP","TOT","MLN_USD","A","2017",19477337,
"USA","GDP","TOT","MLN_USD","A","2018",20533058,
"USA","GDP","TOT","MLN_USD","A","2019",21380976,
"USA","GDP","TOT","MLN_USD","A","2020",21060474,
"USA","GDP","TOT","MLN_USD","A","2021",23315081,
"USA","GDP","TOT","MLN_USD","A","2022",25462700,"E"
"OECD","GDP","TOT","MLN_USD","A","1970",3238846.791,"E"
"OECD","GDP","TOT","MLN_USD","A","1971",3531813.99,"E"
"OECD","GDP","TOT","MLN_USD","A","1972",3887723.317,"E"
"OECD","GDP","TOT","MLN_USD","A","1973",4357097.151,"E"
"OECD","GDP","TOT","MLN_USD","A","1974",4801593.758,"E"
"OECD","GDP","TOT","MLN_USD","A","1975",5268789.408,"E"
"OECD","GDP","TOT","MLN_USD","A","1976",5830850.728,"E"
"OECD","GDP","TOT","MLN_USD","A","1977",6420171.942,"E"
"OECD","GDP","TOT","MLN_USD","A","1978",7179704.63,"E"
"OECD","GDP","TOT","MLN_USD","A","1979",8078399.204,"E"
"OECD","GDP","TOT","MLN_USD","A","1980",8924777.478,"E"
"OECD","GDP","TOT","MLN_USD","A","1981",9992659.836,"E"
"OECD","GDP","TOT","MLN_USD","A","1982",10623318.509,"E"
"OECD","GDP","TOT","MLN_USD","A","1983",11368956.055,"E"
"OECD","GDP","TOT","MLN_USD","A","1984",12337795.741,"E"
"OECD","GDP","TOT","MLN_USD","A","1985",13202505.542,"E"
"OECD","GDP","TOT","MLN_USD","A","1986",13869551.438,"E"
"OECD","GDP","TOT","MLN_USD","A","1987",14738037.728,"E"
"OECD","GDP","TOT","MLN_USD","A","1988",15951636.88,"E"
"OECD","GDP","TOT","MLN_USD","A","1989",17203150.914,"E"
"OECD","GDP","TOT","MLN_USD","A","1990",18389822.751,"E"
"OECD","GDP","TOT","MLN_USD","A","1991",19302171.387,"E"
"OECD","GDP","TOT","MLN_USD","A","1992",20195420.69,"E"
"OECD","GDP","TOT","MLN_USD","A","1993",20974976.747,"E"
"OECD","GDP","TOT","MLN_USD","A","1994",22076628.61,"E"
"OECD","GDP","TOT","MLN_USD","A","1995",23115756.679,"E"
"OECD","GDP","TOT","MLN_USD","A","1996",24316802.13,"E"
"OECD","GDP","TOT","MLN_USD","A","1997",25613744.708,"E"
"OECD","GDP","TOT","MLN_USD","A","1998",26490856.968,"E"
"OECD","GDP","TOT","MLN_USD","A","1999",27722690.705,"E"
"OECD","GDP","TOT","MLN_USD","A","2000",29639934.513,"E"
"OECD","GDP","TOT","MLN_USD","A","2001",30792743.03,"E"
"OECD","GDP","TOT","MLN_USD","A","2002",31978352.162,"E"
"OECD","GDP","TOT","MLN_USD","A","2003",33179921.631,"E"
"OECD","GDP","TOT","MLN_USD","A","2004",35193101.171,"E"
"OECD","GDP","TOT","MLN_USD","A","2005",37115131.305,
"OECD","GDP","TOT","MLN_USD","A","2006",39873270.859,
"OECD","GDP","TOT","MLN_USD","A","2007",42133412.352,
"OECD","GDP","TOT","MLN_USD","A","2008",43561769.648,
"OECD","GDP","TOT","MLN_USD","A","2009",42648362.551,
"OECD","GDP","TOT","MLN_USD","A","2010",44614983.168,"B"
"OECD","GDP","TOT","MLN_USD","A","2011",46680321.317,
"OECD","GDP","TOT","MLN_USD","A","2012",48206985.48,
"OECD","GDP","TOT","MLN_USD","A","2013",50240584.446,
"OECD","GDP","TOT","MLN_USD","A","2014",52015538.544,
"OECD","GDP","TOT","MLN_USD","A","2015",53835508.398,
"OECD","GDP","TOT","MLN_USD","A","2016",56064404.948,
"OECD","GDP","TOT","MLN_USD","A","2017",58546287.483,
"OECD","GDP","TOT","MLN_USD","A","2018",61187779.894,
"OECD","GDP","TOT","MLN_USD","A","2019",63585219.531,"P"
"OECD","GDP","TOT","MLN_USD","A","2020",62108687.83,"P"
"OECD","GDP","TOT","MLN_USD","A","2021",67333275.896,"E"
"OECD","GDP","TOT","MLN_USD","A","2022",74487859.724,"E"
